7188140688,-8416669503687899112,ĞÑ€Ñ‚Ã«Ğ¼,Discord62
1189697350,-8095495921353394982,. . .,xXx_812_7
7146019118,8666236837368477505,ï¸ï¸ï¸ğŒ‚ğŒ¡ğŒ€ğŒğŒ“ĞğŒĞ,BMW6777
633152936,1654096664872990715,ĞšĞ¾ÑÑ‚Ñ,kolch1k
7598431753,9146568476690472729,ğ‘­ğ‘³ğ‘¶ğ’€,LosAngelesFloyy
900867390,-2434262983715835840,Ğ’Ğ°Ğ´Ğ¸Ğ¼,
5853856143,2601831653846014173,Bebebe,zxchajapuri
626719350,836447502434935743,Ğ›ĞµÑ…Ğ°,KeHm161PocmoB
5932081095,-3633395577462162758,Ğ®Ñ€Ğ¸Ğ¹,Yuriy26rus
1614709845,-5906192510082066034,F10YD,F10YD
1585972501,-5554820154072216461,Dima,mearo_161
7875842070,2753038405986283470,Mougli,Pray_per
945199393,1850396386936056337,Zahar,raz1ell666
5118299151,-7947475683987068698,ğ’Ÿğ“‚ğ’¾ğ“‰ğ“‡ğ’¾ğ“ ğ’œğ“ƒğ’¶ğ“‰ğ‘œğ“ğ‘’ğ“‹ğ’¾ğ’¸ğ’½,Redread123
1576004081,1424978194030768396,Vlad,Viser1on
142643514,-7082441994472716721,Timur,mvp305
8100587289,4473732128418784299,A,o000ooO7
7027924318,-3905040336050332257,Ğ‘Ğ°Ñ€Ğ°Ğ±ÑƒĞ»ÑŒĞºĞ°,
648793238,-630368556578242341,ĞšĞ¾ÑÑ‚Ğ¸ĞºÑ ÑĞ¼,ded8887
413645273,1668578218663429579,ĞšĞ¸Ñ€ÑÑˆĞ°,Rill_San
7789064325,3110770715243133790,Sasavot699,Sasavot699
1002899041,-1267941710561697224,á¯“,Hipstror
2109908374,1150350781350494534,LeoSimracer,
6348120272,6192791158183334071,á… á… ğŸ—½,XzChopicatt
1948882494,3492034462837119647,V,
982543922,-3874085594117399840,EOS,pwncoder
5155182509,-2961551536611013532,ê§â“ï¸â’¶ï¸â“‡ï¸â’¾ï¸â“€ï¸ê§‚,YarikJDM
1187403923,-5730098724376692704,///Ã—Ã—_Ã—Ã—\\\,yhbyhbyh
5839480655,9025897942499806712,ğŸ‡¨ğŸ‡³LyvaxğŸ‡¨ğŸ‡³,BigPencils
6604327521,-2883760738599554647,ĞœĞ¸ÑˆĞ°,Mertuk228
5115964689,-3559012784830826899,Ù…Ø§ØªÙÙŠ,Bbgetink
5952230643,-6710388233148066980,Joridos,godmode154
7727218739,-8682689649651751972,Ğ›Ğ¾Ğ»Ğ° Ğ¡Ğ¼ÑĞº,
5586260249,-3657953266057047487,Ğ¡Ñ‚Ğ°Ñ€Ñ‹Ğ¹ Ğ±Ğ¾ÑÑê‘­,
6539343825,-4928682734627978037,Ğ˜Ğ»ÑŒÑ,Illya_r1
350446621,813255369112632171,sellax,sendcup
643620729,-297058350683920173,Kirill,idkira7
747779520,2607705707732634035,Arseniy,
6637689154,8028161646489283254,13.ğ“šğ“ªğ“»ğ“ªğ“½,Karatik13
5423841963,-7906178108431957570,sq. ğŸ‡ºğŸ‡¸,sqavex
952251227,4354487745179273319,Ğ¡Ğ°ÑˆĞ°,SASHA2256
734901806,-241697269443692381,Unknown,wxzxrk
7406351187,-7461071137826660747,ĞÑ€Ñ‚Ñ‘Ğ¼,
6252970729,2354142708059566692,andreykağŸ‘‘,Dedooov28
5237893105,1436388544931298351,ğ™ğ™‹ğ™‡ğŸ­ğ™,Spl1t_180
557045995,-6708776174116829861,Zubenko,ZMP_Store
965591559,8794622681184183478,Rootry,Rootry
5235936494,1226208510450735722,Ğ¢Ğ¾Ñ…Ğ°,toxa007847
865727653,-8890165807095799782,Alex,
5411744198,-6678711712160051661,STOP RUNNING,
1409070113,-6952755912312216767,Ilya,ilya_3200
1027127885,7130501322094847306,qwegorik999,qwegorik666
960884239,-1617357520411163899,G,yvcuccuc
724516863,2675611603078449956,â™ªĞšÑƒĞ¿Ñ€Ğ¸Ğ¹ Ğ”Ğ°Ğ½Ğ¸Ğ¸Ğ»â™ª,Kaneku_Ken1000_7
918887311,1606980792874326198,ĞÑ€Ñ‚,neskuchniy_rostov
1516787708,-6323710702625092190,Ğ˜Ñ€Ğ¸Ğ½Ğ°,Irinaart
7442885565,5396566846402032063,Ğ¢á´á´§Ğ¸á´‹,
1921659397,-1289771304306537255,ĞĞ»ĞµĞ³,
1233978076,3181879213312968939,donne-moi,VstakaneYAD
6233471197,5170137977702522970,ĞºĞ¸Ñ€Ğ¸Ğ»Ğ»,
7126624613,8904365106378326379,Dildor,
1827133033,-7195662024890374760,ĞÑ€Ñ‚ĞµĞ¼,kolobchancky
6954789818,-3631626403909975738,turnerbunny,turnerbunny
1350203199,-1595027584966565635,ĞĞ»ĞµĞºÑĞ°Ğ½Ğ´Ñ€,kamboba
1024649479,1948521184619556397,Toldy,Toldy412
1009613601,-8619683536389083708,ĞšĞ¾Ğ»Ñ,suykaro
8136164264,1553990499691052951,ÆÃ…Å˜Ã‡ÄšÅá»ŒÅ‡Ä€,BARCEL0NABARCA
741508718,-5990055648918176634,Ğ•Ğ»ÑŒĞ¼Ñ€Ğ±Ğ°Ğ½Ğ´Ğ¸Ñ‚,Elmir_xan
1294579272,1960482865443879642,Tural,Charkov72
7279353862,-8947218556299655000,ĞšĞ°Ñ‚Ñ,KAT9II
8061801159,1739344797625004002,EMCI,MCARBUZZZZZ
75481075,-2145341379059407051,Ğ•Ğ²Ğ³ĞµĞ½Ğ¸Ğ¹,kofanskiy
916180377,-9027656403861710420,ĞĞ½Ğ´Ñ€ĞµĞ¹,Andre752
6111350254,4046034967444128413,Aleksandr,sanekrostovski
1730947809,-4351574065716041465,Ğ’Ğ»Ğ°Ğ´,
5269048563,2159981456881638874,âˆ Ñ‚Ğ•Ğ¼Ğ«Ñ‡ âˆ,bezdarnost0001
6955696150,673770054119543975,ï¸ ï¸ï¸ï¸ ï¸ ï¸ ï¸ ï¸ ï¸ ï¸ï¸ ï¸ ï¸ ï¸ ï¸ï¸ ï¸ ï¸ ï¸ ï¸ï¸ ï¸ ï¸ï¸ï¸ ï¸ ï¸ ï¸ ï¸ ï¸ ï¸ï¸ ï¸ ï¸ ï¸ ï¸,Kuzya2509
795843123,5792708107040269196,Pavel,kp2367
1287767702,7639812447502115340,Ğ˜Ğ»ÑŒÑ,p0int0591
5131412008,-8542826571909518233,Ğ”Ğ¸Ğ¼Ğ°,DESTROY_35
1349225281,339509436329914435,â¤ï¸ğŸŒµ,nas_koz_5
2079513933,-2603045531618937114,Nikita,Ktotakojyatebeshasrazjebykalitky
1155069155,9061705865899559231,Ğ›ÑĞ±Ğ¾Ğ²ÑĞºĞ¸Ğ¹,Lubovskiy_Dmitriy
1836161172,-2377667541099870986,Ğ’Ğ»Ğ°Ğ´Ğ¸Ğ¼Ğ¸Ñ€,VovaP61rus
814928943,1705039449041034463,Ğ’Ğ»Ğ°Ğ´Ğ¸Ğ¼Ğ¸Ñ€ 114,Volodyamestnyy
5153064698,-3138496410432854723,Ğ•Ğ»ĞµĞ½Ğ°,
5684097913,5840257433134728907,xyaik,bibikacyka
5138307762,8269660159688858614,Ğ•Ğ²Ğ³ĞµĞ½Ğ¸Ğ¹,
2105444211,2041530775978659879,ï¸,meAKCENT
1324784038,3599110407351123166,ğŒğšğ¤ğ¬,Rusiy_max
8041237648,5100402460380831897,Ğ•Ğ²Ğ³ĞµĞ½Ğ¸Ğ¹,
5062734999,-5846313654481573046,-Â·=Â»â€¡Â«=Â·- Pymih -Â·=Â»â€¡Â«=Â·-,rska_ebashit
1281950624,-6715272535306874872,Ğ›Ñ‘Ñ…Ğ°,Lexa_rxa
7593103952,-7763226697895965529,ğŸ¥ƒ,babexa
7772539069,-8361381820498906557,$,avensher
6439046189,-8451049193920396215,.,fhrnfbc
897791076,214892554719126531,ğ•„ğ•–ğ•¥ğ•’ğ•ğ• ğ•£ğ•¡ğ•™ğ• ğ•¤ğ•šğ•¤,exztaziz
5249243212,-4547722520560482231,Ketamin Fish,aptejka
1067980098,-2694173627407515704,Pibuka,Pibuka
1103366799,-8524399257815768815,Serdik,serimene
7864587244,-6727374196243027909,"Ğ¢Ğ¸Ğ¿Ğ¾ Ğ¸Ğ³Ğ¾Ğ»ĞºĞ°, Ğ´Ğ°?",igolka28
1047917133,2033712268763053561,savus_triÑkingğŸ’ªğŸ’,tricking2024
1289407356,-7030739231987016086,Ğ³ÑƒĞº,Semerka1995
5644256248,-4535688754645880482,Milka,Fghterq
1260440020,-6070763433442178499,Limonchik,Limonchik_178
5994667878,1538659977999669957,2redovou,redovou2
2026395753,4426550429773591369,ğŸ§Š Mr. Fred ğŸ§Š,BMW_Love0555
1863783049,1323226249476175201,Ğ‘ÑƒĞ½Ñ‚Ğ°Ñ€ÑŒ,Topchikkorol
1252062231,8518465613082688088,snxdlx,snxld3x
5168158691,-1719524661605261815,ĞĞ»ĞµĞºÑĞ°Ğ½Ğ´Ñ€,
7767710643,6055063236865735682,Vv,E7RRT
1251039818,-999169838526979570,ã…¤,hdjtgc
2124188220,3830282815727909014,Ğ¯Ğ½Ğ° Ğ¡Ğ¾Ğ»ÑÑ…,Gomunkul307
1433076516,6084830444309675225,ğ¾ğ‘Ÿğ‘¢ğ‘ğ‘ ğ‘˜ğ’š,Krupskiq
1018187276,-857657628634093913,Ğ’Ğ»Ğ°Ğ´Ğ¸ÑĞ»Ğ°Ğ²,Vladya993
5470809004,-572218211899942293,Ğ”Ğ°Ğ½Ñ,Melon_Sesh
6229816729,2868679696523225712,.,Moleroe
557926342,-6546689701906276121,ĞĞ»ĞµĞºÑĞ°Ğ½Ğ´Ñ€,Alexiomur
5974326923,-8138047840651515796,Ğ¡ĞµÑ€Ğ³ĞµĞ¹,
1027929666,987220484618167627,ĞœĞ°ĞºÑĞ¸Ğ¼,
5640312379,4322919667992988519,Ğ”ĞµĞ½Ğ¸Ñ,Betonogrizzz
5293482418,874237669660885206,ĞĞ»ĞµĞºÑĞµĞ¹,aa071
7352008069,7737224438176225351,Ğ¡Ğ°Ğ½Ğ´Ğ¶Ğ¸,SanJi46z
5265923592,7370885993473662183,ĞĞ½Ğ´Ñ€ĞµĞ¹,
1921621119,-7269219340735560736,( âšˆÌ¥Ì¥Ì¥Ì¥Ì¥ÌâŒ¢âšˆÌ¥Ì¥Ì¥Ì¥Ì¥Ì€),Riop_228
667374711,5336704757560832242,ĞĞ°Ñ€ĞµĞº,Narek130590
6568088927,3785463335641263482,ÑÑ€Ğ¾Ğº,yuoroc
852195406,1420435186836364439,ĞĞ»ĞµĞºÑĞ°Ğ½Ğ´Ñ€,gnoi977
1625140251,6284039794782269375,danilka ï¸,danilka_000
681738911,-798518456278208986,Muslim,b_muslim_06
5978167698,-4810245998339271095,Akame,AkameNaxyiZaebis
513208878,6863647524579355141,ĞĞ¸ĞºĞ¸Ñ‚Ğ°,sunrise_dictatura
1286493228,5168906235117351226,Tenderness,Tndrnss3
6570036155,7993936505090161288,Ğ¡ĞµÑ€Ğ³ĞµĞ¹,SergeyBumerowod
1242288700,-1116475499933695804,XlosEd,xlosed
8014545092,4601740713953431908,Ğ”Ğ¸Ğ¼Ğ¾Ğ½,
5127081771,-437434274440884164,I donâ€™t know,cherek_sity
382125294,5397380167263754843,Wendof,wendof
835492086,-6157470138467852819,ichopohojnaabonenta,ichopohojnaabonenta
516954895,-1221127066448558671,ĞšĞ¾Ğ½ÑÑ‚Ğ°Ğ½Ñ‚Ğ¸Ğ½,
5177139489,-4140817583827399248,ğŸª–percasetovğŸ‘¼ğŸ¿,skyst3p
2015940013,5428961977354720173,ĞĞ½Ğ°ÑÑ‚Ğ°ÑĞ¸Ñ,
1918134330,-5635869139513183386,ĞšĞ¸Ñ€Ğ¸Ğ»Ğ»,Kirill5324
1547518690,-4224905368725450399,Ğ–ĞµĞ½Ñ ğŸˆâ€â¬› Stars Bank,Tsutsyk04
714410565,-2195544143916134886,âœ–ï¸,gxvnx
1459523971,-8515409829589582088,Keisal,Keisal_rob
6346744432,2844817501190688785,Ğ¡ĞĞ’Ğ,GBNqjuobK
5301322561,4966971219720768905,_,Trans_stepan
1855821215,7739108329203094209,DELOR,de4lyt
611628621,-6731134364671402597,ĞĞ»ĞµĞ³,oleglevkovich
6591343758,-5226370791802046843,ğ’œğ“ğ‘’ğ“â™¡M8,Alexpleers5
1417840037,6254513627311940560,Ğ”Ğ¸Ğ¼Ğ°,w1kzes
5038103840,7504434315821224156,ĞĞ»ĞµĞºÑĞ°Ğ½Ğ´Ñ€,
957348691,-7209365672833064204,Zh.KoVğŸ¤˜ğŸ˜,zMEHTz
889488249,4793761393008997973,.,DCLP48
1218101630,-8354249452619965321,Ğ¡Ğ²ĞµÑ‚Ğ»Ğ°Ğ½Ğ°,
6381186817,7893239717234801973,Me,art_std
5137501780,8088650236833694860,Mihail,
5157205953,3484621246470222875,ĞÑ€Ñ‚Ñ‘Ğ¼,artem_R19
2011252977,-7156964863373220323,Maksim,
1519625352,-1805200909283472156,ÑˆĞ¸ÑˆĞºĞ°,alkogolik_spermostre1
1867255481,2147643926223061959,Ñƒ215Ñ‚Ğ² | 54,
6972948024,4157303361724938853,â˜ˆÎVOLT,xxREVOLTxx
377806607,-3260568578599692572,Sm1le174,Sm1le174
1562363927,-161530387201685066,ĞœĞ¾Ğ»Ğ¾Ğ´Ğ¾Ğ¹ Ğ¡Ğ²Ğ°ÑÑ‚Ğ¾Ğ½Ğ¸Ğ¹,GOHDOHbl_GOTOBbl_Jopy_PA3OPBATb
6224822457,4509068755964395003,._.,Light_Soul8
1985783846,7864073406729599666,acuma,Acuma4
969532338,1289892752922054212,ĞĞ»ĞµĞºÑĞ°Ğ½Ğ´ĞµÑ€,MrakSmAzkA
669007101,-1638712402171625067,Ğ”Ğ¼Ğ¸Ñ‚Ñ€Ğ¸Ğ¹,shpak0f
415877684,-3887850255503034058,Maksim SKV,beli4ik
1152790489,-7920393317031659501,ĞºĞ¾ÑˆĞºĞ¸Ğ½,koshk1n
7829657788,-1229015130834364043,Am.n,SheFadesIntoDark
1736809162,-6967423629021416499,â€œ-â€œ,Miyagi_andy1048
7554905229,6740649120414875539,Ğ¢Ğ¸Ğ¼,Dikoliki
7282446952,-4511128731348156020,ĞĞ¸ĞºĞ¾Ğ»Ğ°Ğ¹,
5245368123,-2126543696210059661,Ñ€Ğ°Ğ¸Ğ»ÑŒĞºĞ°,s0fstyle
1613520430,-1275579651341169160,Ğ”Ğ°Ğ½Ñ,
5449719321,1274154194915491017,Ğ¹,ekwj92
361787389,2837483081193408396,ĞšÑ€ĞµÑ‰ÑƒĞº Ğ”Ğ¼Ğ¸Ñ‚Ñ€Ğ¸Ğ¹,demitrii121
5416741873,-2309930075898489251,ĞšĞ¾Ğ±Ğ°,qwxcdf
5547495134,3534870969059903119,Pers1k,ZaPers1ka
1225951356,6297022465587801082,Ğ–ĞµĞºÑĞ¾Ğ½,
6157895795,2910197161066474941,Barthometr,Roberto_carlos66
6093473384,3482757380366770566,bkk,BKKOFFI
6656619089,-6855916252047294854,ĞµĞ³Ğ¾Ñ€,Sqwoozyfam
5184930122,-330857612950281518,ĞœĞ°Ñ‚Ğ²ĞµĞ¹,lmfaomatvey23
8162453130,-6561233461333232028,ĞºÑ‚Ğ¾ Ñ?,vrnx_01
6678076163,7416418364986228902,Milo,zxcqres
6106021555,7361853954199537665,âœï¸Ä¶Ã¡Å›pÄ—Å•_PÃ¨Å•ÅÃ´Å„Ã âœï¸,K_a_s_p_e_r_444
5296971668,-5022765660363709121,â™±,Sjlox
6895925373,-4255819012999251384,ã…¤,Pensioniu_Fond1
5245841752,908525805599988200,MrPEPERONIN,MrPEPERONIN
1295726927,-3910696548440734874,ĞÑ€ÑĞµĞ½Ğ¸Ğ¹,kafkaf42
7679170427,3424427373760737326,ã€ŠAÊÊ™á´€||Sá´€dá´rã€‹,Verdictciya
873122670,-3284146718526086689,ĞĞ¸ĞºĞ¸Ñ‚Ğ° ĞĞ¾Ğ²Ğ¸Ñ‡ĞµĞ½ĞºĞ¾,
1909418658,-3590878668613764194,ĞĞ»ÑŒĞ±ĞµÑ€Ñ‚,AlbertBaldin
6952140506,-7176194041845518210,Ğ˜Ğ»ÑŒÑ,Gusev_i0404
5073570719,6905958250735699111,SSkorpion_56,SSkorp1on_56
